-- phpMyAdmin SQL Dump
-- version 2.6.1
-- http://www.phpmyadmin.net
-- 
-- Servidor: davinci
-- Tiempo de generación: 02-07-2007 a las 00:38:00
-- Versión del servidor: 4.1.14
-- Versión de PHP: 4.3.10
-- 
-- Base de datos: `weboptserv`
-- 

-- --------------------------------------------------------

-- 
-- Estructura de tabla para la tabla `calendario`
-- 

CREATE TABLE `calendario` (
  `id_evento` int(11) NOT NULL auto_increment,
  `titulo_es` varchar(100) NOT NULL default '',
  `titulo_en` varchar(100) NOT NULL default '',
  `titulo_ca` varchar(100) NOT NULL default '',
  `dia` int(11) NOT NULL default '0',
  `mes` int(11) NOT NULL default '0',
  `year` int(11) NOT NULL default '0',
  `dia_fin` int(11) NOT NULL default '0',
  `mes_fin` int(11) NOT NULL default '0',
  `year_fin` int(11) NOT NULL default '0',
  `evento_es` tinytext character set latin1 collate latin1_spanish_ci NOT NULL,
  `evento_en` tinytext NOT NULL,
  `evento_ca` tinytext NOT NULL,
  `lugar` varchar(50) NOT NULL default '',
  PRIMARY KEY  (`id_evento`)
) ENGINE=MyISAM DEFAULT CHARSET=latin1 AUTO_INCREMENT=16 ;

-- 
-- Volcar la base de datos para la tabla `calendario`
-- 


-- --------------------------------------------------------

-- 
-- Estructura de tabla para la tabla `config`
-- 

CREATE TABLE `config` (
  `parametro` varchar(50) NOT NULL default '',
  `valor` text NOT NULL,
  `id` int(11) NOT NULL auto_increment,
  PRIMARY KEY  (`id`)
) ENGINE=MyISAM DEFAULT CHARSET=latin1 AUTO_INCREMENT=8 ;

-- 
-- Volcar la base de datos para la tabla `config`
-- 

INSERT INTO `config` VALUES ('default_params', '--ttasks 64 max_--ttasks 3000 min_--ttasks 1 --itasks 0 max_--itasks 128 min_--itasks 0 --iatime e --iatime_mean 50 --workload e --workload_mean 100000 --ihosts 8 max_--ihosts 140 min_--ihosts 1 --mips e --mips_mean 500 --addhost e --addhost_mean 10000 --delhost e --delhost_mean 12000 --minhosts 0 max_--minhosts 150 min_--minhosts 0 --maxhosts 16 max_--maxhosts 512 min_--maxhosts 1 --reschedule N --hostselect all --activate c --activate_constant 300 --allocpolicy fcfs --nruns 1 max_--nruns 5 min_--nruns 1 --seed 123467 Submit Guardar', 1);
INSERT INTO `config` VALUES ('min_params', '', 2);
INSERT INTO `config` VALUES ('max_params', '', 3);
INSERT INTO `config` VALUES ('max_executions', '50', 4);
INSERT INTO `config` VALUES ('avisos', 'informe S Submit guardar', 5);
INSERT INTO `config` VALUES ('execution_type', 'condor', 6);
INSERT INTO `config` VALUES ('mensaje_admin', 'GENERATED BY THE WEBGRID @ UPC.\r\n\r\nPlease make any reference to "FATOS XHAFA (LSI, UPC): WEBGRID: A WEB INTERFACE FOR A GRID SIMULATOR, LSI, UPC, 2007. http://weboptserv.lsi.upc.edu/WEBGRID/" \r\n', 7);

-- --------------------------------------------------------

-- 
-- Estructura de tabla para la tabla `country`
-- 

CREATE TABLE `country` (
  `iso` char(2) NOT NULL default '',
  `name` varchar(80) NOT NULL default '',
  `printable_name` varchar(80) NOT NULL default '',
  `iso3` char(3) default NULL,
  `numcode` smallint(6) default NULL,
  PRIMARY KEY  (`iso`)
) ENGINE=MyISAM DEFAULT CHARSET=latin1;

-- 
-- Volcar la base de datos para la tabla `country`
-- 

INSERT INTO `country` VALUES ('AF', 'AFGHANISTAN', 'Afghanistan', 'AFG', 4);
INSERT INTO `country` VALUES ('AL', 'ALBANIA', 'Albania', 'ALB', 8);
INSERT INTO `country` VALUES ('DZ', 'ALGERIA', 'Algeria', 'DZA', 12);
INSERT INTO `country` VALUES ('AS', 'AMERICAN SAMOA', 'American Samoa', 'ASM', 16);
INSERT INTO `country` VALUES ('AD', 'ANDORRA', 'Andorra', 'AND', 20);
INSERT INTO `country` VALUES ('AO', 'ANGOLA', 'Angola', 'AGO', 24);
INSERT INTO `country` VALUES ('AI', 'ANGUILLA', 'Anguilla', 'AIA', 660);
INSERT INTO `country` VALUES ('AQ', 'ANTARCTICA', 'Antarctica', NULL, NULL);
INSERT INTO `country` VALUES ('AG', 'ANTIGUA AND BARBUDA', 'Antigua and Barbuda', 'ATG', 28);
INSERT INTO `country` VALUES ('AR', 'ARGENTINA', 'Argentina', 'ARG', 32);
INSERT INTO `country` VALUES ('AM', 'ARMENIA', 'Armenia', 'ARM', 51);
INSERT INTO `country` VALUES ('AW', 'ARUBA', 'Aruba', 'ABW', 533);
INSERT INTO `country` VALUES ('AU', 'AUSTRALIA', 'Australia', 'AUS', 36);
INSERT INTO `country` VALUES ('AT', 'AUSTRIA', 'Austria', 'AUT', 40);
INSERT INTO `country` VALUES ('AZ', 'AZERBAIJAN', 'Azerbaijan', 'AZE', 31);
INSERT INTO `country` VALUES ('BS', 'BAHAMAS', 'Bahamas', 'BHS', 44);
INSERT INTO `country` VALUES ('BH', 'BAHRAIN', 'Bahrain', 'BHR', 48);
INSERT INTO `country` VALUES ('BD', 'BANGLADESH', 'Bangladesh', 'BGD', 50);
INSERT INTO `country` VALUES ('BB', 'BARBADOS', 'Barbados', 'BRB', 52);
INSERT INTO `country` VALUES ('BY', 'BELARUS', 'Belarus', 'BLR', 112);
INSERT INTO `country` VALUES ('BE', 'BELGIUM', 'Belgium', 'BEL', 56);
INSERT INTO `country` VALUES ('BZ', 'BELIZE', 'Belize', 'BLZ', 84);
INSERT INTO `country` VALUES ('BJ', 'BENIN', 'Benin', 'BEN', 204);
INSERT INTO `country` VALUES ('BM', 'BERMUDA', 'Bermuda', 'BMU', 60);
INSERT INTO `country` VALUES ('BT', 'BHUTAN', 'Bhutan', 'BTN', 64);
INSERT INTO `country` VALUES ('BO', 'BOLIVIA', 'Bolivia', 'BOL', 68);
INSERT INTO `country` VALUES ('BA', 'BOSNIA AND HERZEGOVINA', 'Bosnia and Herzegovina', 'BIH', 70);
INSERT INTO `country` VALUES ('BW', 'BOTSWANA', 'Botswana', 'BWA', 72);
INSERT INTO `country` VALUES ('BV', 'BOUVET ISLAND', 'Bouvet Island', NULL, NULL);
INSERT INTO `country` VALUES ('BR', 'BRAZIL', 'Brazil', 'BRA', 76);
INSERT INTO `country` VALUES ('IO', 'BRITISH INDIAN OCEAN TERRITORY', 'British Indian Ocean Territory', NULL, NULL);
INSERT INTO `country` VALUES ('BN', 'BRUNEI DARUSSALAM', 'Brunei Darussalam', 'BRN', 96);
INSERT INTO `country` VALUES ('BG', 'BULGARIA', 'Bulgaria', 'BGR', 100);
INSERT INTO `country` VALUES ('BF', 'BURKINA FASO', 'Burkina Faso', 'BFA', 854);
INSERT INTO `country` VALUES ('BI', 'BURUNDI', 'Burundi', 'BDI', 108);
INSERT INTO `country` VALUES ('KH', 'CAMBODIA', 'Cambodia', 'KHM', 116);
INSERT INTO `country` VALUES ('CM', 'CAMEROON', 'Cameroon', 'CMR', 120);
INSERT INTO `country` VALUES ('CA', 'CANADA', 'Canada', 'CAN', 124);
INSERT INTO `country` VALUES ('CV', 'CAPE VERDE', 'Cape Verde', 'CPV', 132);
INSERT INTO `country` VALUES ('KY', 'CAYMAN ISLANDS', 'Cayman Islands', 'CYM', 136);
INSERT INTO `country` VALUES ('CF', 'CENTRAL AFRICAN REPUBLIC', 'Central African Republic', 'CAF', 140);
INSERT INTO `country` VALUES ('TD', 'CHAD', 'Chad', 'TCD', 148);
INSERT INTO `country` VALUES ('CL', 'CHILE', 'Chile', 'CHL', 152);
INSERT INTO `country` VALUES ('CN', 'CHINA', 'China', 'CHN', 156);
INSERT INTO `country` VALUES ('CX', 'CHRISTMAS ISLAND', 'Christmas Island', NULL, NULL);
INSERT INTO `country` VALUES ('CC', 'COCOS (KEELING) ISLANDS', 'Cocos (Keeling) Islands', NULL, NULL);
INSERT INTO `country` VALUES ('CO', 'COLOMBIA', 'Colombia', 'COL', 170);
INSERT INTO `country` VALUES ('KM', 'COMOROS', 'Comoros', 'COM', 174);
INSERT INTO `country` VALUES ('CG', 'CONGO', 'Congo', 'COG', 178);
INSERT INTO `country` VALUES ('CD', 'CONGO, THE DEMOCRATIC REPUBLIC OF THE', 'Congo, the Democratic Republic of the', 'COD', 180);
INSERT INTO `country` VALUES ('CK', 'COOK ISLANDS', 'Cook Islands', 'COK', 184);
INSERT INTO `country` VALUES ('CR', 'COSTA RICA', 'Costa Rica', 'CRI', 188);
INSERT INTO `country` VALUES ('CI', 'COTE D''IVOIRE', 'Cote D''Ivoire', 'CIV', 384);
INSERT INTO `country` VALUES ('HR', 'CROATIA', 'Croatia', 'HRV', 191);
INSERT INTO `country` VALUES ('CU', 'CUBA', 'Cuba', 'CUB', 192);
INSERT INTO `country` VALUES ('CY', 'CYPRUS', 'Cyprus', 'CYP', 196);
INSERT INTO `country` VALUES ('CZ', 'CZECH REPUBLIC', 'Czech Republic', 'CZE', 203);
INSERT INTO `country` VALUES ('DK', 'DENMARK', 'Denmark', 'DNK', 208);
INSERT INTO `country` VALUES ('DJ', 'DJIBOUTI', 'Djibouti', 'DJI', 262);
INSERT INTO `country` VALUES ('DM', 'DOMINICA', 'Dominica', 'DMA', 212);
INSERT INTO `country` VALUES ('DO', 'DOMINICAN REPUBLIC', 'Dominican Republic', 'DOM', 214);
INSERT INTO `country` VALUES ('EC', 'ECUADOR', 'Ecuador', 'ECU', 218);
INSERT INTO `country` VALUES ('EG', 'EGYPT', 'Egypt', 'EGY', 818);
INSERT INTO `country` VALUES ('SV', 'EL SALVADOR', 'El Salvador', 'SLV', 222);
INSERT INTO `country` VALUES ('GQ', 'EQUATORIAL GUINEA', 'Equatorial Guinea', 'GNQ', 226);
INSERT INTO `country` VALUES ('ER', 'ERITREA', 'Eritrea', 'ERI', 232);
INSERT INTO `country` VALUES ('EE', 'ESTONIA', 'Estonia', 'EST', 233);
INSERT INTO `country` VALUES ('ET', 'ETHIOPIA', 'Ethiopia', 'ETH', 231);
INSERT INTO `country` VALUES ('FK', 'FALKLAND ISLANDS (MALVINAS)', 'Falkland Islands (Malvinas)', 'FLK', 238);
INSERT INTO `country` VALUES ('FO', 'FAROE ISLANDS', 'Faroe Islands', 'FRO', 234);
INSERT INTO `country` VALUES ('FJ', 'FIJI', 'Fiji', 'FJI', 242);
INSERT INTO `country` VALUES ('FI', 'FINLAND', 'Finland', 'FIN', 246);
INSERT INTO `country` VALUES ('FR', 'FRANCE', 'France', 'FRA', 250);
INSERT INTO `country` VALUES ('GF', 'FRENCH GUIANA', 'French Guiana', 'GUF', 254);
INSERT INTO `country` VALUES ('PF', 'FRENCH POLYNESIA', 'French Polynesia', 'PYF', 258);
INSERT INTO `country` VALUES ('TF', 'FRENCH SOUTHERN TERRITORIES', 'French Southern Territories', NULL, NULL);
INSERT INTO `country` VALUES ('GA', 'GABON', 'Gabon', 'GAB', 266);
INSERT INTO `country` VALUES ('GM', 'GAMBIA', 'Gambia', 'GMB', 270);
INSERT INTO `country` VALUES ('GE', 'GEORGIA', 'Georgia', 'GEO', 268);
INSERT INTO `country` VALUES ('DE', 'GERMANY', 'Germany', 'DEU', 276);
INSERT INTO `country` VALUES ('GH', 'GHANA', 'Ghana', 'GHA', 288);
INSERT INTO `country` VALUES ('GI', 'GIBRALTAR', 'Gibraltar', 'GIB', 292);
INSERT INTO `country` VALUES ('GR', 'GREECE', 'Greece', 'GRC', 300);
INSERT INTO `country` VALUES ('GL', 'GREENLAND', 'Greenland', 'GRL', 304);
INSERT INTO `country` VALUES ('GD', 'GRENADA', 'Grenada', 'GRD', 308);
INSERT INTO `country` VALUES ('GP', 'GUADELOUPE', 'Guadeloupe', 'GLP', 312);
INSERT INTO `country` VALUES ('GU', 'GUAM', 'Guam', 'GUM', 316);
INSERT INTO `country` VALUES ('GT', 'GUATEMALA', 'Guatemala', 'GTM', 320);
INSERT INTO `country` VALUES ('GN', 'GUINEA', 'Guinea', 'GIN', 324);
INSERT INTO `country` VALUES ('GW', 'GUINEA-BISSAU', 'Guinea-Bissau', 'GNB', 624);
INSERT INTO `country` VALUES ('GY', 'GUYANA', 'Guyana', 'GUY', 328);
INSERT INTO `country` VALUES ('HT', 'HAITI', 'Haiti', 'HTI', 332);
INSERT INTO `country` VALUES ('HM', 'HEARD ISLAND AND MCDONALD ISLANDS', 'Heard Island and Mcdonald Islands', NULL, NULL);
INSERT INTO `country` VALUES ('VA', 'HOLY SEE (VATICAN CITY STATE)', 'Holy See (Vatican City State)', 'VAT', 336);
INSERT INTO `country` VALUES ('HN', 'HONDURAS', 'Honduras', 'HND', 340);
INSERT INTO `country` VALUES ('HK', 'HONG KONG', 'Hong Kong', 'HKG', 344);
INSERT INTO `country` VALUES ('HU', 'HUNGARY', 'Hungary', 'HUN', 348);
INSERT INTO `country` VALUES ('IS', 'ICELAND', 'Iceland', 'ISL', 352);
INSERT INTO `country` VALUES ('IN', 'INDIA', 'India', 'IND', 356);
INSERT INTO `country` VALUES ('ID', 'INDONESIA', 'Indonesia', 'IDN', 360);
INSERT INTO `country` VALUES ('IR', 'IRAN, ISLAMIC REPUBLIC OF', 'Iran, Islamic Republic of', 'IRN', 364);
INSERT INTO `country` VALUES ('IQ', 'IRAQ', 'Iraq', 'IRQ', 368);
INSERT INTO `country` VALUES ('IE', 'IRELAND', 'Ireland', 'IRL', 372);
INSERT INTO `country` VALUES ('IL', 'ISRAEL', 'Israel', 'ISR', 376);
INSERT INTO `country` VALUES ('IT', 'ITALY', 'Italy', 'ITA', 380);
INSERT INTO `country` VALUES ('JM', 'JAMAICA', 'Jamaica', 'JAM', 388);
INSERT INTO `country` VALUES ('JP', 'JAPAN', 'Japan', 'JPN', 392);
INSERT INTO `country` VALUES ('JO', 'JORDAN', 'Jordan', 'JOR', 400);
INSERT INTO `country` VALUES ('KZ', 'KAZAKHSTAN', 'Kazakhstan', 'KAZ', 398);
INSERT INTO `country` VALUES ('KE', 'KENYA', 'Kenya', 'KEN', 404);
INSERT INTO `country` VALUES ('KI', 'KIRIBATI', 'Kiribati', 'KIR', 296);
INSERT INTO `country` VALUES ('KP', 'KOREA, DEMOCRATIC PEOPLE''S REPUBLIC OF', 'Korea, Democratic People''s Republic of', 'PRK', 408);
INSERT INTO `country` VALUES ('KR', 'KOREA, REPUBLIC OF', 'Korea, Republic of', 'KOR', 410);
INSERT INTO `country` VALUES ('KW', 'KUWAIT', 'Kuwait', 'KWT', 414);
INSERT INTO `country` VALUES ('KG', 'KYRGYZSTAN', 'Kyrgyzstan', 'KGZ', 417);
INSERT INTO `country` VALUES ('LA', 'LAO PEOPLE''S DEMOCRATIC REPUBLIC', 'Lao People''s Democratic Republic', 'LAO', 418);
INSERT INTO `country` VALUES ('LV', 'LATVIA', 'Latvia', 'LVA', 428);
INSERT INTO `country` VALUES ('LB', 'LEBANON', 'Lebanon', 'LBN', 422);
INSERT INTO `country` VALUES ('LS', 'LESOTHO', 'Lesotho', 'LSO', 426);
INSERT INTO `country` VALUES ('LR', 'LIBERIA', 'Liberia', 'LBR', 430);
INSERT INTO `country` VALUES ('LY', 'LIBYAN ARAB JAMAHIRIYA', 'Libyan Arab Jamahiriya', 'LBY', 434);
INSERT INTO `country` VALUES ('LI', 'LIECHTENSTEIN', 'Liechtenstein', 'LIE', 438);
INSERT INTO `country` VALUES ('LT', 'LITHUANIA', 'Lithuania', 'LTU', 440);
INSERT INTO `country` VALUES ('LU', 'LUXEMBOURG', 'Luxembourg', 'LUX', 442);
INSERT INTO `country` VALUES ('MO', 'MACAO', 'Macao', 'MAC', 446);
INSERT INTO `country` VALUES ('MK', 'MACEDONIA, THE FORMER YUGOSLAV REPUBLIC OF', 'Macedonia, the Former Yugoslav Republic of', 'MKD', 807);
INSERT INTO `country` VALUES ('MG', 'MADAGASCAR', 'Madagascar', 'MDG', 450);
INSERT INTO `country` VALUES ('MW', 'MALAWI', 'Malawi', 'MWI', 454);
INSERT INTO `country` VALUES ('MY', 'MALAYSIA', 'Malaysia', 'MYS', 458);
INSERT INTO `country` VALUES ('MV', 'MALDIVES', 'Maldives', 'MDV', 462);
INSERT INTO `country` VALUES ('ML', 'MALI', 'Mali', 'MLI', 466);
INSERT INTO `country` VALUES ('MT', 'MALTA', 'Malta', 'MLT', 470);
INSERT INTO `country` VALUES ('MH', 'MARSHALL ISLANDS', 'Marshall Islands', 'MHL', 584);
INSERT INTO `country` VALUES ('MQ', 'MARTINIQUE', 'Martinique', 'MTQ', 474);
INSERT INTO `country` VALUES ('MR', 'MAURITANIA', 'Mauritania', 'MRT', 478);
INSERT INTO `country` VALUES ('MU', 'MAURITIUS', 'Mauritius', 'MUS', 480);
INSERT INTO `country` VALUES ('YT', 'MAYOTTE', 'Mayotte', NULL, NULL);
INSERT INTO `country` VALUES ('MX', 'MEXICO', 'Mexico', 'MEX', 484);
INSERT INTO `country` VALUES ('FM', 'MICRONESIA, FEDERATED STATES OF', 'Micronesia, Federated States of', 'FSM', 583);
INSERT INTO `country` VALUES ('MD', 'MOLDOVA, REPUBLIC OF', 'Moldova, Republic of', 'MDA', 498);
INSERT INTO `country` VALUES ('MC', 'MONACO', 'Monaco', 'MCO', 492);
INSERT INTO `country` VALUES ('MN', 'MONGOLIA', 'Mongolia', 'MNG', 496);
INSERT INTO `country` VALUES ('MS', 'MONTSERRAT', 'Montserrat', 'MSR', 500);
INSERT INTO `country` VALUES ('MA', 'MOROCCO', 'Morocco', 'MAR', 504);
INSERT INTO `country` VALUES ('MZ', 'MOZAMBIQUE', 'Mozambique', 'MOZ', 508);
INSERT INTO `country` VALUES ('MM', 'MYANMAR', 'Myanmar', 'MMR', 104);
INSERT INTO `country` VALUES ('NA', 'NAMIBIA', 'Namibia', 'NAM', 516);
INSERT INTO `country` VALUES ('NR', 'NAURU', 'Nauru', 'NRU', 520);
INSERT INTO `country` VALUES ('NP', 'NEPAL', 'Nepal', 'NPL', 524);
INSERT INTO `country` VALUES ('NL', 'NETHERLANDS', 'Netherlands', 'NLD', 528);
INSERT INTO `country` VALUES ('AN', 'NETHERLANDS ANTILLES', 'Netherlands Antilles', 'ANT', 530);
INSERT INTO `country` VALUES ('NC', 'NEW CALEDONIA', 'New Caledonia', 'NCL', 540);
INSERT INTO `country` VALUES ('NZ', 'NEW ZEALAND', 'New Zealand', 'NZL', 554);
INSERT INTO `country` VALUES ('NI', 'NICARAGUA', 'Nicaragua', 'NIC', 558);
INSERT INTO `country` VALUES ('NE', 'NIGER', 'Niger', 'NER', 562);
INSERT INTO `country` VALUES ('NG', 'NIGERIA', 'Nigeria', 'NGA', 566);
INSERT INTO `country` VALUES ('NU', 'NIUE', 'Niue', 'NIU', 570);
INSERT INTO `country` VALUES ('NF', 'NORFOLK ISLAND', 'Norfolk Island', 'NFK', 574);
INSERT INTO `country` VALUES ('MP', 'NORTHERN MARIANA ISLANDS', 'Northern Mariana Islands', 'MNP', 580);
INSERT INTO `country` VALUES ('NO', 'NORWAY', 'Norway', 'NOR', 578);
INSERT INTO `country` VALUES ('OM', 'OMAN', 'Oman', 'OMN', 512);
INSERT INTO `country` VALUES ('PK', 'PAKISTAN', 'Pakistan', 'PAK', 586);
INSERT INTO `country` VALUES ('PW', 'PALAU', 'Palau', 'PLW', 585);
INSERT INTO `country` VALUES ('PS', 'PALESTINIAN TERRITORY, OCCUPIED', 'Palestinian Territory, Occupied', NULL, NULL);
INSERT INTO `country` VALUES ('PA', 'PANAMA', 'Panama', 'PAN', 591);
INSERT INTO `country` VALUES ('PG', 'PAPUA NEW GUINEA', 'Papua New Guinea', 'PNG', 598);
INSERT INTO `country` VALUES ('PY', 'PARAGUAY', 'Paraguay', 'PRY', 600);
INSERT INTO `country` VALUES ('PE', 'PERU', 'Peru', 'PER', 604);
INSERT INTO `country` VALUES ('PH', 'PHILIPPINES', 'Philippines', 'PHL', 608);
INSERT INTO `country` VALUES ('PN', 'PITCAIRN', 'Pitcairn', 'PCN', 612);
INSERT INTO `country` VALUES ('PL', 'POLAND', 'Poland', 'POL', 616);
INSERT INTO `country` VALUES ('PT', 'PORTUGAL', 'Portugal', 'PRT', 620);
INSERT INTO `country` VALUES ('PR', 'PUERTO RICO', 'Puerto Rico', 'PRI', 630);
INSERT INTO `country` VALUES ('QA', 'QATAR', 'Qatar', 'QAT', 634);
INSERT INTO `country` VALUES ('RE', 'REUNION', 'Reunion', 'REU', 638);
INSERT INTO `country` VALUES ('RO', 'ROMANIA', 'Romania', 'ROM', 642);
INSERT INTO `country` VALUES ('RU', 'RUSSIAN FEDERATION', 'Russian Federation', 'RUS', 643);
INSERT INTO `country` VALUES ('RW', 'RWANDA', 'Rwanda', 'RWA', 646);
INSERT INTO `country` VALUES ('SH', 'SAINT HELENA', 'Saint Helena', 'SHN', 654);
INSERT INTO `country` VALUES ('KN', 'SAINT KITTS AND NEVIS', 'Saint Kitts and Nevis', 'KNA', 659);
INSERT INTO `country` VALUES ('LC', 'SAINT LUCIA', 'Saint Lucia', 'LCA', 662);
INSERT INTO `country` VALUES ('PM', 'SAINT PIERRE AND MIQUELON', 'Saint Pierre and Miquelon', 'SPM', 666);
INSERT INTO `country` VALUES ('VC', 'SAINT VINCENT AND THE GRENADINES', 'Saint Vincent and the Grenadines', 'VCT', 670);
INSERT INTO `country` VALUES ('WS', 'SAMOA', 'Samoa', 'WSM', 882);
INSERT INTO `country` VALUES ('SM', 'SAN MARINO', 'San Marino', 'SMR', 674);
INSERT INTO `country` VALUES ('ST', 'SAO TOME AND PRINCIPE', 'Sao Tome and Principe', 'STP', 678);
INSERT INTO `country` VALUES ('SA', 'SAUDI ARABIA', 'Saudi Arabia', 'SAU', 682);
INSERT INTO `country` VALUES ('SN', 'SENEGAL', 'Senegal', 'SEN', 686);
INSERT INTO `country` VALUES ('CS', 'SERBIA AND MONTENEGRO', 'Serbia and Montenegro', NULL, NULL);
INSERT INTO `country` VALUES ('SC', 'SEYCHELLES', 'Seychelles', 'SYC', 690);
INSERT INTO `country` VALUES ('SL', 'SIERRA LEONE', 'Sierra Leone', 'SLE', 694);
INSERT INTO `country` VALUES ('SG', 'SINGAPORE', 'Singapore', 'SGP', 702);
INSERT INTO `country` VALUES ('SK', 'SLOVAKIA', 'Slovakia', 'SVK', 703);
INSERT INTO `country` VALUES ('SI', 'SLOVENIA', 'Slovenia', 'SVN', 705);
INSERT INTO `country` VALUES ('SB', 'SOLOMON ISLANDS', 'Solomon Islands', 'SLB', 90);
INSERT INTO `country` VALUES ('SO', 'SOMALIA', 'Somalia', 'SOM', 706);
INSERT INTO `country` VALUES ('ZA', 'SOUTH AFRICA', 'South Africa', 'ZAF', 710);
INSERT INTO `country` VALUES ('GS', 'SOUTH GEORGIA AND THE SOUTH SANDWICH ISLANDS', 'South Georgia and the South Sandwich Islands', NULL, NULL);
INSERT INTO `country` VALUES ('ES', 'SPAIN', 'Spain', 'ESP', 724);
INSERT INTO `country` VALUES ('LK', 'SRI LANKA', 'Sri Lanka', 'LKA', 144);
INSERT INTO `country` VALUES ('SD', 'SUDAN', 'Sudan', 'SDN', 736);
INSERT INTO `country` VALUES ('SR', 'SURINAME', 'Suriname', 'SUR', 740);
INSERT INTO `country` VALUES ('SJ', 'SVALBARD AND JAN MAYEN', 'Svalbard and Jan Mayen', 'SJM', 744);
INSERT INTO `country` VALUES ('SZ', 'SWAZILAND', 'Swaziland', 'SWZ', 748);
INSERT INTO `country` VALUES ('SE', 'SWEDEN', 'Sweden', 'SWE', 752);
INSERT INTO `country` VALUES ('CH', 'SWITZERLAND', 'Switzerland', 'CHE', 756);
INSERT INTO `country` VALUES ('SY', 'SYRIAN ARAB REPUBLIC', 'Syrian Arab Republic', 'SYR', 760);
INSERT INTO `country` VALUES ('TW', 'TAIWAN, PROVINCE OF CHINA', 'Taiwan, Province of China', 'TWN', 158);
INSERT INTO `country` VALUES ('TJ', 'TAJIKISTAN', 'Tajikistan', 'TJK', 762);
INSERT INTO `country` VALUES ('TZ', 'TANZANIA, UNITED REPUBLIC OF', 'Tanzania, United Republic of', 'TZA', 834);
INSERT INTO `country` VALUES ('TH', 'THAILAND', 'Thailand', 'THA', 764);
INSERT INTO `country` VALUES ('TL', 'TIMOR-LESTE', 'Timor-Leste', NULL, NULL);
INSERT INTO `country` VALUES ('TG', 'TOGO', 'Togo', 'TGO', 768);
INSERT INTO `country` VALUES ('TK', 'TOKELAU', 'Tokelau', 'TKL', 772);
INSERT INTO `country` VALUES ('TO', 'TONGA', 'Tonga', 'TON', 776);
INSERT INTO `country` VALUES ('TT', 'TRINIDAD AND TOBAGO', 'Trinidad and Tobago', 'TTO', 780);
INSERT INTO `country` VALUES ('TN', 'TUNISIA', 'Tunisia', 'TUN', 788);
INSERT INTO `country` VALUES ('TR', 'TURKEY', 'Turkey', 'TUR', 792);
INSERT INTO `country` VALUES ('TM', 'TURKMENISTAN', 'Turkmenistan', 'TKM', 795);
INSERT INTO `country` VALUES ('TC', 'TURKS AND CAICOS ISLANDS', 'Turks and Caicos Islands', 'TCA', 796);
INSERT INTO `country` VALUES ('TV', 'TUVALU', 'Tuvalu', 'TUV', 798);
INSERT INTO `country` VALUES ('UG', 'UGANDA', 'Uganda', 'UGA', 800);
INSERT INTO `country` VALUES ('UA', 'UKRAINE', 'Ukraine', 'UKR', 804);
INSERT INTO `country` VALUES ('AE', 'UNITED ARAB EMIRATES', 'United Arab Emirates', 'ARE', 784);
INSERT INTO `country` VALUES ('GB', 'UNITED KINGDOM', 'United Kingdom', 'GBR', 826);
INSERT INTO `country` VALUES ('US', 'UNITED STATES', 'United States', 'USA', 840);
INSERT INTO `country` VALUES ('UM', 'UNITED STATES MINOR OUTLYING ISLANDS', 'United States Minor Outlying Islands', NULL, NULL);
INSERT INTO `country` VALUES ('UY', 'URUGUAY', 'Uruguay', 'URY', 858);
INSERT INTO `country` VALUES ('UZ', 'UZBEKISTAN', 'Uzbekistan', 'UZB', 860);
INSERT INTO `country` VALUES ('VU', 'VANUATU', 'Vanuatu', 'VUT', 548);
INSERT INTO `country` VALUES ('VE', 'VENEZUELA', 'Venezuela', 'VEN', 862);
INSERT INTO `country` VALUES ('VN', 'VIET NAM', 'Viet Nam', 'VNM', 704);
INSERT INTO `country` VALUES ('VG', 'VIRGIN ISLANDS, BRITISH', 'Virgin Islands, British', 'VGB', 92);
INSERT INTO `country` VALUES ('VI', 'VIRGIN ISLANDS, U.S.', 'Virgin Islands, U.s.', 'VIR', 850);
INSERT INTO `country` VALUES ('WF', 'WALLIS AND FUTUNA', 'Wallis and Futuna', 'WLF', 876);
INSERT INTO `country` VALUES ('EH', 'WESTERN SAHARA', 'Western Sahara', 'ESH', 732);
INSERT INTO `country` VALUES ('YE', 'YEMEN', 'Yemen', 'YEM', 887);
INSERT INTO `country` VALUES ('ZM', 'ZAMBIA', 'Zambia', 'ZMB', 894);
INSERT INTO `country` VALUES ('ZW', 'ZIMBABWE', 'Zimbabwe', 'ZWE', 716);

-- --------------------------------------------------------

-- 
-- Estructura de tabla para la tabla `ejecuciones`
-- 

CREATE TABLE `ejecuciones` (
  `username` varchar(100) character set latin1 collate latin1_spanish_ci NOT NULL default '',
  `fecha` int(11) NOT NULL default '0',
  `parametros` text character set latin1 collate latin1_spanish_ci NOT NULL,
  `status` varchar(20) character set latin1 collate latin1_spanish_ci NOT NULL default '',
  `condor_id` varchar(20) character set latin1 collate latin1_spanish_ci NOT NULL default '',
  `visible` char(1) character set latin1 collate latin1_spanish_ci NOT NULL default 'S',
  `status_mail` varchar(20) NOT NULL default 'N',
  `tipo` enum('directa','condor') NOT NULL default 'condor',
  PRIMARY KEY  (`username`,`fecha`)
) ENGINE=MyISAM DEFAULT CHARSET=latin1;

-- 
-- Volcar la base de datos para la tabla `ejecuciones`
-- 


-- --------------------------------------------------------

-- 
-- Estructura de tabla para la tabla `incidencias`
-- 

CREATE TABLE `incidencias` (
  `usuario` varchar(100) NOT NULL default '',
  `incidencia` text NOT NULL,
  `status` varchar(20) NOT NULL default '',
  `respuesta` text NOT NULL,
  `id_incidencia` int(11) NOT NULL auto_increment,
  `fecha` int(11) NOT NULL default '0',
  PRIMARY KEY  (`id_incidencia`)
) ENGINE=MyISAM DEFAULT CHARSET=latin1 AUTO_INCREMENT=31 ;

-- 
-- Volcar la base de datos para la tabla `incidencias`
-- 


-- --------------------------------------------------------

-- 
-- Estructura de tabla para la tabla `noticias`
-- 

CREATE TABLE `noticias` (
  `id_noticia` int(11) NOT NULL auto_increment,
  `titular_es` varchar(100) NOT NULL default '',
  `titular_en` varchar(100) NOT NULL default '',
  `titular_ca` varchar(100) NOT NULL default '',
  `cuerpo_en` longtext NOT NULL,
  `cuerpo_ca` longtext NOT NULL,
  `cuerpo_es` longtext NOT NULL,
  `fecha` int(11) default '0',
  `fecha_exp` int(11) NOT NULL default '0',
  PRIMARY KEY  (`id_noticia`)
) ENGINE=MyISAM DEFAULT CHARSET=latin1 AUTO_INCREMENT=14 ;

-- 
-- Volcar la base de datos para la tabla `noticias`
-- 


-- --------------------------------------------------------

-- 
-- Estructura de tabla para la tabla `secciones`
-- 

CREATE TABLE `secciones` (
  `id_seccion` int(11) NOT NULL default '0',
  `titulo_es` varchar(100) character set latin1 collate latin1_spanish_ci NOT NULL default '',
  `titulo_en` varchar(100) character set latin1 collate latin1_spanish_ci NOT NULL default '',
  `titulo_ca` varchar(100) character set latin1 collate latin1_spanish_ci NOT NULL default '',
  `texto_es` longtext character set latin1 collate latin1_spanish_ci NOT NULL,
  `texto_en` longtext NOT NULL,
  `texto_ca` longtext NOT NULL,
  `fecha_modif` timestamp NOT NULL default CURRENT_TIMESTAMP,
  `link_externo` char(1) NOT NULL default 'N',
  `link` varchar(100) NOT NULL default '#',
  PRIMARY KEY  (`id_seccion`),
  UNIQUE KEY `titulo_ca` (`titulo_ca`),
  UNIQUE KEY `titulo_es` (`titulo_es`),
  UNIQUE KEY `titulo_en` (`titulo_en`)
) ENGINE=MyISAM DEFAULT CHARSET=latin1;

-- 
-- Volcar la base de datos para la tabla `secciones`
-- 

INSERT INTO `secciones` VALUES (1, 'Inicio', 'Home', 'Inici', '<h1>Bienvenido a la p&aacute;gina del simulador Grid</h1>\r\n<p>\r\nP&aacute;gina de inicio del PFC\r\n</p>\r\n', '<h1>Welcome to the Grid simulator page</h1>\r\n<p>\r\n<font size="3" color="#993300">This webpage serves as a\r\nsimple user interface for remotely <br />\r\nexecuting a Grid Simulator. </font>\r\n</p>\r\n<p>\r\n<font size="3" color="#993300">The web\r\napplication offers many useful functionalities <br />\r\nfor researchers and\r\npractitioners of grid environments<br />\r\nas well as for students interested\r\nin simulation of <br />\r\nditributed environments. </font>\r\n</p>\r\n<p>\r\n&nbsp;\r\n</p>\r\n<p>\r\n<font size="4" color="#008000">All you need is to go to &quot;My account&quot;...register and use it! </font>\r\n</p>\r\n', '<h1>Benvingut a la p&agrave;gina de inici</h1>\r\nP&agrave;gina d''inici\r\n', '2007-04-17 19:12:28', 'N', 'http://www.google.es');
INSERT INTO `secciones` VALUES (3, 'Mi cuenta', 'My account', 'El meu compte', '', '', '', '2007-04-20 19:50:28', 'S', 'frontend/userAccount/login.php');
INSERT INTO `secciones` VALUES (4, 'Noticias', 'News', 'Notícies', '', '', '', '2007-05-03 17:38:06', 'S', 'news.php');
INSERT INTO `secciones` VALUES (2, 'Administración', 'Administration', 'Administració', '', '', '', '2007-05-03 17:37:36', 'S', 'admin/index.php');
INSERT INTO `secciones` VALUES (6, 'Demo', 'Demo', 'Demo', '<h1>Demo</h1> \r\n', '', '', '2007-04-24 01:50:03', 'N', '#');
INSERT INTO `secciones` VALUES (5, 'Eventos', 'Events', 'Events', '', '', '', '2007-05-21 00:11:32', 'S', 'events.php');

-- --------------------------------------------------------

-- 
-- Estructura de tabla para la tabla `sesiones`
-- 

CREATE TABLE `sesiones` (
  `username` varchar(100) character set latin1 collate latin1_spanish_ci NOT NULL default '',
  `fecha` int(11) NOT NULL default '0',
  `ip` varchar(25) character set latin1 collate latin1_spanish_ci NOT NULL default '',
  PRIMARY KEY  (`username`,`fecha`)
) ENGINE=MyISAM DEFAULT CHARSET=latin1;

-- 
-- Volcar la base de datos para la tabla `sesiones`
-- 


-- --------------------------------------------------------

-- 
-- Estructura de tabla para la tabla `subsecciones`
-- 

CREATE TABLE `subsecciones` (
  `id_subseccion` int(10) unsigned NOT NULL default '0',
  `id_seccion` int(10) unsigned NOT NULL default '0',
  `titulo_es` varchar(100) NOT NULL default '',
  `texto_es` longtext NOT NULL,
  `titulo_en` varchar(100) NOT NULL default '',
  `texto_en` longtext NOT NULL,
  `titulo_ca` varchar(100) NOT NULL default '',
  `texto_ca` longtext NOT NULL,
  `fecha_modif` timestamp NOT NULL default CURRENT_TIMESTAMP,
  `link_externo` char(1) NOT NULL default 'S',
  `link` varchar(100) NOT NULL default '#',
  PRIMARY KEY  (`id_subseccion`,`id_seccion`)
) ENGINE=MyISAM DEFAULT CHARSET=latin1;

-- 
-- Volcar la base de datos para la tabla `subsecciones`
-- 

INSERT INTO `subsecciones` VALUES (1, 1, 'Simulación Grid', '<h1>Simulaci&oacute;n grid</h1>\r\n<p>\r\ntexto de simulaci&oacute;n grid\r\n</p>\r\n', 'Grid Simulation', '<h1>The HyperSim-G Grid simulation package<br />\r\n</h1>\r\nGrid simulation text...our grid simulation package, called HyperSim-G\r\nis developed using HyperSim package...implemented in C++ ...very\r\nefficient...more to come here\r\n', 'Simulació Grid', '<h1>Simulaci&oacute; Grid</h1>\r\ntext de la simulaci&oacute; Grid\r\n', '2007-04-18 19:52:53', 'N', '');
INSERT INTO `subsecciones` VALUES (4, 1, 'Links a otros simuladores', '<h1>Links a otros simuladores</h1>\r\n<a href="#">simulador1</a>\r\n<a href="#">simulador2</a>\r\n<a href="#">simulador3</a>\r\n', 'Links to other simulators', '<h1>Links&nbsp; to other known simulators</h1>\r\n<ul>\r\n	<li><a href="http://www.gridbus.org/gridsim/gridsim2.2/">GRIDSIM </a></li>\r\n	<li></li>\r\n</ul>\r\n', 'Links a altres simuladors', '<h1>Links a altres simuladors</h1>\r\n<a href="#">simulador1</a>\r\n<a href="#">simulador2</a>\r\n<a href="#">simulador3</a>\r\n', '2007-04-18 20:00:13', '', '');
INSERT INTO `subsecciones` VALUES (5, 1, 'Proyectos de investigación', '<h1><font size="5">Research Projects</font><br />\r\n</h1>\r\n<p>\r\n<font size="3">\r\nThis web application has been supported by the research projects <a href="link%20aelous">AELOUS </a>and ASCE (LSI, UPC).</font>\r\n</p>\r\n<h2>AELOUS PROJECT </h2>\r\n<p style="text-align: justify">\r\nThe recent explosive growth of the Internet gives \r\nrise to the possibility of a global computer of grand-scale consisting of \r\nInternet-connected computing entities (possibly mobile, with varying \r\ncomputational capabilities, connected among them with different communication \r\nmedia), globally available and able to provide to its users a rich menu of \r\nhigh-level integrated services that make use of its aggregated computational \r\npower, storage space, and information resources. Achieving this efficiently and \r\ntransparently is a major challenge that can be overcome by introducing an \r\nintermediate layer, the overlay computer.<br />\r\n</p>\r\n<p style="text-align: justify">\r\nThe goal of AEOLUS is to investigate the \r\nprinciples and develop the algorithmic methods for building such an overlay \r\ncomputer that enables this efficient and transparent access to the resources of \r\nan Internet-based global computer.\r\n</p>\r\n<p>\r\n&nbsp;\r\n</p>\r\n<h2>ASCE PROJECT</h2>\r\n<p>\r\n&nbsp;\r\n</p>\r\n<p>\r\n<span>The research Project ASCE (<em>Auto-Organizaci&oacute;n\r\nen Sistemas de Comunicaci&oacute;n Emergentes</em>) aims to study the behaviour of emerging\r\ncommunication systems (communication networks without central control, ad-hoc\r\nnetworks). <span>&nbsp;</span><span>&nbsp;</span></span>\r\n</p>\r\n<p>\r\n&nbsp;\r\n</p>\r\n<p>\r\n&nbsp;\r\n</p>\r\n<p>\r\n&nbsp;\r\n</p>\r\n', 'Research projects', '<h1><font size="5">Research Projects</font><br />\r\n</h1>\r\n<p>\r\n<font size="3">\r\nThis web application has been supported by the research projects <a href="link%20aelous">AELOUS </a>and <a href="http://gsyc032.dat.escet.urjc.es/ladyr/asce/ ">ASCE </a>(LSI, UPC).</font>\r\n</p>\r\n<h2>AELOUS PROJECT </h2>\r\n<p style="text-align: justify">\r\nThe recent explosive growth of the Internet gives \r\nrise to the possibility of a global computer of grand-scale consisting of \r\nInternet-connected computing entities (possibly mobile, with varying \r\ncomputational capabilities, connected among them with different communication \r\nmedia), globally available and able to provide to its users a rich menu of \r\nhigh-level integrated services that make use of its aggregated computational \r\npower, storage space, and information resources. Achieving this efficiently and \r\ntransparently is a major challenge that can be overcome by introducing an \r\nintermediate layer, the overlay computer.<br />\r\n</p>\r\n<p style="text-align: justify">\r\nThe goal of AEOLUS is to investigate the \r\nprinciples and develop the algorithmic methods for building such an overlay \r\ncomputer that enables this efficient and transparent access to the resources of \r\nan Internet-based global computer.\r\n</p>\r\n<h2>&nbsp;ASCE PROJECT</h2>\r\n<p>\r\n&nbsp;\r\n</p>\r\n<p>\r\n<span>The research Project ASCE (<em>Auto-Organizaci&oacute;n\r\nen Sistemas de Comunicaci&oacute;n Emergentes</em>) aims to study the behaviour of emerging\r\ncommunication systems (communication networks without central control, ad-hoc\r\nnetworks). <span>&nbsp;</span><span>&nbsp;</span></span>\r\n</p>\r\n<p>\r\n&nbsp;\r\n</p>\r\n<p>\r\n&nbsp;\r\n</p>\r\n', 'Projectes de recerca', '<h1><font size="5">Research Projects</font><br />\r\n</h1>\r\n<p>\r\n<font size="3">\r\nThis web application has been supported by the research projects <a href="link%20aelous">AELOUS </a>and ASCE (LSI, UPC).</font>\r\n</p>\r\n<h2>AELOUS PROJECT </h2>\r\n<p style="text-align: justify">\r\nThe recent explosive growth of the Internet gives \r\nrise to the possibility of a global computer of grand-scale consisting of \r\nInternet-connected computing entities (possibly mobile, with varying \r\ncomputational capabilities, connected among them with different communication \r\nmedia), globally available and able to provide to its users a rich menu of \r\nhigh-level integrated services that make use of its aggregated computational \r\npower, storage space, and information resources. Achieving this efficiently and \r\ntransparently is a major challenge that can be overcome by introducing an \r\nintermediate layer, the overlay computer.<br />\r\n</p>\r\n<p style="text-align: justify">\r\nThe goal of AEOLUS is to investigate the \r\nprinciples and develop the algorithmic methods for building such an overlay \r\ncomputer that enables this efficient and transparent access to the resources of \r\nan Internet-based global computer.\r\n</p>\r\n<h2>ASCE PROJECT</h2>\r\n<p>\r\n&nbsp;\r\n</p>\r\n<p>\r\n<span>The research Project ASCE (<em>Auto-Organizaci&oacute;n\r\nen Sistemas de Comunicaci&oacute;n Emergentes</em>) aims to study the behaviour of emerging\r\ncommunication systems (communication networks without central control, ad-hoc\r\nnetworks). <span>&nbsp;</span><span>&nbsp;</span></span>\r\n</p>\r\n<p>\r\n&nbsp;\r\n</p>\r\n<p>\r\n&nbsp;\r\n</p>\r\n<p style="text-align: justify">\r\n&nbsp;\r\n</p>\r\n<p>\r\n&nbsp;\r\n</p>\r\n', '2007-06-22 18:10:07', 'N', '');
INSERT INTO `subsecciones` VALUES (2, 1, 'Publicaciones', '', 'Publications', 'Publications will be available here...<br />\r\n', 'Publicacions', '', '2007-06-26 00:05:13', '', '');
INSERT INTO `subsecciones` VALUES (6, 1, 'Contactar', '<p>\r\n<strong><font size="4">Contact person:</font></strong>\r\n</p>\r\n<p>\r\n&nbsp;\r\n</p>\r\n<p>\r\n<font size="4"><em><span style="font-family: bookman old style"><span style="font-family: bookman old style"><span style="font-family: bookman old style"><span style="font-family: bookman old style"><span style="font-family: bookman old style"><span style="font-family: bookman old style">Fatos Xhafa</span></span></span></span></span></span></em></font>\r\n</p>\r\n<p>\r\n<font size="4"><span style="font-family: bookman old style"><span style="font-family: bookman old style"><span style="font-family: bookman old style"><span style="font-family: bookman old style"><span style="font-family: bookman old style"><span style="font-family: bookman old style">PhD in Computer Science<br />\r\nAssociate Professor</span><strong style="font-family: bookman old style"><br />\r\n</strong></span></span></span></span></span><span style="font-family: bookman old style"><span style="font-family: bookman old style"><span style="font-family: bookman old style"><span style="font-family: bookman old style"><span style="font-family: bookman old style"><span style="font-family: bookman old style"><span style="font-family: bookman old style"><span style="font-family: bookman old style"><span style="font-family: bookman old style"><span style="font-family: bookman old style"><a href="http://www.lsi.upc.es/index-es.html">Departament\r\nde Llenguatges i Sistemes Inform&agrave;tics</a><br />\r\n</span></span></span></span><span style="font-family: bookman old style"><span style="font-family: bookman old style"><a href="http://www.upc.edu">Universitat\r\nPolit&egrave;cnica de Catalunya</a></span></span></span></span></span></span></span></span></font><br />\r\n<span style="font-family: bookman old style"><span style="font-family: bookman old style"><span style="font-family: bookman old style"><span style="font-family: bookman old style"><span style="font-family: bookman old style"><span style="font-family: bookman old style"><span style="font-family: bookman old style"><span style="font-family: bookman old style"><a href="http://www.upc.edu"><span style="font-family: bookman old style"><span style="font-family: bookman old style"><span style="font-family: bookman old style"><span style="font-family: bookman old style"></span></span></span></span></a></span></span></span></span></span></span></span></span><font size="4"><span style="font-family: bookman old style"><span style="font-family: bookman old style"><span style="font-family: bookman old style"><span style="font-family: bookman old style"><span style="font-family: bookman old style"><span style="font-family: bookman old style"><span style="font-family: bookman old style"><span style="font-family: bookman old style">Barcelona, Spain</span></span></span></span></span></span></span></span></font>\r\n</p>\r\n<font size="3"><span style="font-family: bookman old style"><span style="font-family: bookman old style"><span style="font-family: bookman old style"><span style="font-family: bookman old style"><span style="font-family: bookman old style"><span style="font-family: bookman old style"><span style="font-family: bookman old style"><span style="font-family: bookman old style"><span style="font-family: bookman old style"><span style="font-family: bookman old style"><span style="font-family: bookman old style"><strong style="font-family: bookman old style">Voice:\r\n</strong><span style="font-family: bookman old style">+34\r\n93-413-7880<br />\r\n+34\r\n93-739-8090<br />\r\n<br />\r\n<span style="font-weight: bold">Fax: </span>+34 93-413-7833<br />\r\n</span><strong style="font-family: bookman old style"><br />\r\nEmail: </strong><span style="font-family: bookman old style">fatos\r\n(at) lsi (dot) upc (dot) edu</span></span></span></span></span></span></span></span></span></span></span></span> </font>\r\n<p>\r\n&nbsp;\r\n</p>\r\n<p>\r\n&nbsp;\r\n</p>\r\n', 'Contact', '<p>\r\n<strong><font size="4">Contact person:</font></strong>\r\n</p>\r\n<p>\r\n<font size="4"><em><span style="font-family: bookman old style"><span style="font-family: bookman old style"><span style="font-family: bookman old style"><span style="font-family: bookman old style"><span style="font-family: bookman old style"><span style="font-family: bookman old style">Fatos Xhafa</span></span></span></span></span></span></em></font>\r\n</p>\r\n<p>\r\n<font size="4"><span style="font-family: bookman old style"><span style="font-family: bookman old style"><span style="font-family: bookman old style"><span style="font-family: bookman old style"><span style="font-family: bookman old style"><span style="font-family: bookman old style">PhD in Computer Science<br />\r\nAssociate Professor</span><strong style="font-family: bookman old style"><br />\r\n</strong></span></span></span></span></span><span style="font-family: bookman old style"><span style="font-family: bookman old style"><span style="font-family: bookman old style"><span style="font-family: bookman old style"><span style="font-family: bookman old style"><span style="font-family: bookman old style"><span style="font-family: bookman old style"><span style="font-family: bookman old style"><span style="font-family: bookman old style"><span style="font-family: bookman old style"><a href="http://www.lsi.upc.es/index-es.html">Departament\r\nde Llenguatges i Sistemes Inform&agrave;tics</a><br />\r\n</span></span></span></span><span style="font-family: bookman old style"><span style="font-family: bookman old style"><a href="http://www.upc.edu">Universitat\r\nPolit&egrave;cnica de Catalunya</a></span></span></span></span></span></span></span></span></font><br />\r\n<span style="font-family: bookman old style"><span style="font-family: bookman old style"><span style="font-family: bookman old style"><span style="font-family: bookman old style"><span style="font-family: bookman old style"><span style="font-family: bookman old style"><span style="font-family: bookman old style"><span style="font-family: bookman old style"><a href="http://www.upc.edu"><span style="font-family: bookman old style"><span style="font-family: bookman old style"><span style="font-family: bookman old style"><span style="font-family: bookman old style"></span></span></span></span></a></span></span></span></span></span></span></span></span><font size="4"><span style="font-family: bookman old style"><span style="font-family: bookman old style"><span style="font-family: bookman old style"><span style="font-family: bookman old style"><span style="font-family: bookman old style"><span style="font-family: bookman old style"><span style="font-family: bookman old style"><span style="font-family: bookman old style">Barcelona, Spain</span></span></span></span></span></span></span></span></font>\r\n</p>\r\n<p>\r\n<font size="3"><span style="font-family: bookman old style"><span style="font-family: bookman old style"><span style="font-family: bookman old style"><span style="font-family: bookman old style"><span style="font-family: bookman old style"><span style="font-family: bookman old style"><span style="font-family: bookman old style"><span style="font-family: bookman old style"><span style="font-family: bookman old style"><span style="font-family: bookman old style"><span style="font-family: bookman old style"><strong style="font-family: bookman old style">Voice:\r\n</strong><span style="font-family: bookman old style">+34\r\n93-413-7880<br />\r\n+34\r\n93-739-8090<br />\r\n<br />\r\n<span style="font-weight: bold">Fax: </span>+34 93-413-7833<br />\r\n</span><strong style="font-family: bookman old style"><br />\r\nEmail: </strong><span style="font-family: bookman old style">fatos\r\n(at) lsi (dot) upc (dot) edu</span></span></span></span></span></span></span></span></span></span></span></span> </font><br />\r\n</p>\r\n', 'Contactar', '<p>\r\n<strong><font size="4">Contact person:</font></strong>\r\n</p>\r\n<p>\r\n<font size="4"><em><span style="font-family: bookman old style"><span style="font-family: bookman old style"><span style="font-family: bookman old style"><span style="font-family: bookman old style"><span style="font-family: bookman old style"><span style="font-family: bookman old style">Fatos Xhafa</span></span></span></span></span></span></em></font>\r\n</p>\r\n<p>\r\n<font size="4"><span style="font-family: bookman old style"><span style="font-family: bookman old style"><span style="font-family: bookman old style"><span style="font-family: bookman old style"><span style="font-family: bookman old style"><span style="font-family: bookman old style">PhD in Computer Science<br />\r\nAssociate Professor</span><strong style="font-family: bookman old style"><br />\r\n</strong></span></span></span></span></span><span style="font-family: bookman old style"><span style="font-family: bookman old style"><span style="font-family: bookman old style"><span style="font-family: bookman old style"><span style="font-family: bookman old style"><span style="font-family: bookman old style"><span style="font-family: bookman old style"><span style="font-family: bookman old style"><span style="font-family: bookman old style"><span style="font-family: bookman old style"><a href="http://www.lsi.upc.es/index-es.html">Departament\r\nde Llenguatges i Sistemes Inform&agrave;tics</a><br />\r\n</span></span></span></span><span style="font-family: bookman old style"><span style="font-family: bookman old style"><a href="http://www.upc.edu">Universitat\r\nPolit&egrave;cnica de Catalunya</a></span></span></span></span></span></span></span></span></font><br />\r\n<span style="font-family: bookman old style"><span style="font-family: bookman old style"><span style="font-family: bookman old style"><span style="font-family: bookman old style"><span style="font-family: bookman old style"><span style="font-family: bookman old style"><span style="font-family: bookman old style"><span style="font-family: bookman old style"><a href="http://www.upc.edu"><span style="font-family: bookman old style"><span style="font-family: bookman old style"><span style="font-family: bookman old style"><span style="font-family: bookman old style"></span></span></span></span></a></span></span></span></span></span></span></span></span><font size="4"><span style="font-family: bookman old style"><span style="font-family: bookman old style"><span style="font-family: bookman old style"><span style="font-family: bookman old style"><span style="font-family: bookman old style"><span style="font-family: bookman old style"><span style="font-family: bookman old style"><span style="font-family: bookman old style">Barcelona, Spain</span></span></span></span></span></span></span></span></font>\r\n</p>\r\n<font size="3"><span style="font-family: bookman old style"><span style="font-family: bookman old style"><span style="font-family: bookman old style"><span style="font-family: bookman old style"><span style="font-family: bookman old style"><span style="font-family: bookman old style"><span style="font-family: bookman old style"><span style="font-family: bookman old style"><span style="font-family: bookman old style"><span style="font-family: bookman old style"><span style="font-family: bookman old style"><strong style="font-family: bookman old style">Voice:\r\n</strong><span style="font-family: bookman old style">+34\r\n93-413-7880<br />\r\n+34\r\n93-739-8090<br />\r\n<br />\r\n<span style="font-weight: bold">Fax: </span>+34 93-413-7833<br />\r\n</span><strong style="font-family: bookman old style"><br />\r\nEmail: </strong><span style="font-family: bookman old style">fatos\r\n(at) lsi (dot) upc (dot) edu</span></span></span></span></span></span></span></span></span></span></span></span> </font>\r\n', '2007-06-26 00:18:12', 'N', '');
INSERT INTO `subsecciones` VALUES (3, 1, 'Static Benchmarks', '<p>\r\nStatic benchmarks are useful for testing scheduling policies...the simulator can be used to extract static benchmarks... <br />\r\n</p>\r\n', 'Static Benchmarks', '<p>\r\n<font size="4"><strong>Static benchmarks</strong></font>\r\n</p>\r\n<p>\r\n&nbsp;\r\n</p>\r\n<p>\r\nStatic benchmarks are useful for testing scheduling policies...the simulator can be used to extract static benchmarks... <br />\r\n</p>\r\n<p>\r\n&nbsp;\r\n</p>\r\n<p>\r\n&nbsp;\r\n</p>\r\n', 'Static Benchmarks', '<p>\r\nStatic benchmarks are useful for testing scheduling policies...the simulator can be used to extract static benchmarks... <br />\r\n</p>\r\n', '2007-06-26 21:25:59', '', '');
INSERT INTO `subsecciones` VALUES (7, 1, 'Credits', '<p>\r\n<font size="4"><strong>Credits</strong></font>\r\n</p>\r\n<p>\r\n<font size="2">The web\r\napplication has been developed by David Martos (FIB, UPC), under the\r\nsupervision of Prof. Fatos Xhafa, as part of his final Diploma Thesis\r\nof Informatics Engineering Degree (2007). </font>\r\n</p>\r\n<font size="2"> The Grid simulator used by the web application has been\r\ndeveloped by Javier Carretaero (FIB, UPC), under the supervision of\r\nProf.\r\nFatos Xhafa, as part of his final Diploma Thesis of Informatics\r\nEngineering Degree (2005).</font>\r\n', 'Credits', '<p>\r\n<font size="4"><strong>Credits</strong></font>\r\n</p>\r\n<p>\r\n<font size="2">The web\r\napplication has been developed by David Martos (FIB, UPC), under the\r\nsupervision of Prof. Fatos Xhafa, as part of his final Diploma Thesis\r\nof Informatics Engineering Degree (2007). </font>\r\n</p>\r\n<p>\r\n<font size="2"> The Grid simulator used by the web application has been\r\ndeveloped by Javier Carretaero (FIB, UPC), under the supervision of\r\nProf.\r\nFatos Xhafa, as part of his final Diploma Thesis of Informatics\r\nEngineering Degree (2005).</font><br />\r\n</p>\r\n', 'Credits', '<p>\r\n<font size="4"><strong>Credits</strong></font>\r\n</p>\r\n<p>\r\n<font size="2">The web\r\napplication has been developed by David Martos (FIB, UPC), under the\r\nsupervision of Prof. Fatos Xhafa, as part of his final Diploma Thesis\r\nof Informatics Engineering Degree (2007). </font>\r\n</p>\r\n<font size="2"> The Grid simulator used by the web application has been\r\ndeveloped by Javier Carretaero (FIB, UPC), under the supervision of\r\nProf.\r\nFatos Xhafa, as part of his final Diploma Thesis of Informatics\r\nEngineering Degree (2005).</font>\r\n', '2007-06-27 10:12:34', '', '');

-- --------------------------------------------------------

-- 
-- Estructura de tabla para la tabla `usuarios`
-- 

CREATE TABLE `usuarios` (
  `username` varchar(100) collate latin1_spanish_ci NOT NULL default '',
  `password` varchar(100) collate latin1_spanish_ci NOT NULL default '',
  `mail` varchar(100) collate latin1_spanish_ci NOT NULL default '',
  `institucion` varchar(100) collate latin1_spanish_ci NOT NULL default '',
  `tipo` enum('admin','user') collate latin1_spanish_ci NOT NULL default 'admin',
  `fecha_alta` int(11) default '0',
  `ultimo_login` int(10) unsigned NOT NULL default '0',
  `direccion` varchar(30) collate latin1_spanish_ci NOT NULL default '',
  `ciudad` varchar(30) collate latin1_spanish_ci NOT NULL default '',
  `provincia` varchar(30) collate latin1_spanish_ci NOT NULL default '',
  `pais` varchar(30) collate latin1_spanish_ci NOT NULL default '',
  `telefono` varchar(30) collate latin1_spanish_ci NOT NULL default '',
  `web` varchar(30) collate latin1_spanish_ci NOT NULL default '',
  `ocupacion` varchar(30) collate latin1_spanish_ci NOT NULL default '',
  `interes` text collate latin1_spanish_ci NOT NULL,
  `direccion_ins` varchar(30) collate latin1_spanish_ci NOT NULL default '',
  `ciudad_ins` varchar(30) collate latin1_spanish_ci NOT NULL default '',
  `provincia_ins` varchar(30) collate latin1_spanish_ci NOT NULL default '',
  `pais_ins` varchar(30) collate latin1_spanish_ci NOT NULL default '',
  `telefono_ins` varchar(30) collate latin1_spanish_ci NOT NULL default '',
  `web_ins` varchar(30) collate latin1_spanish_ci NOT NULL default '',
  PRIMARY KEY  (`username`)
) ENGINE=MyISAM DEFAULT CHARSET=latin1 COLLATE=latin1_spanish_ci;

-- 
-- Volcar la base de datos para la tabla `usuarios`
-- 

INSERT INTO `usuarios` VALUES ('admin', 'proyecto', 'davmartos@gmail.com', 'LSI', 'admin', 0, 1183327743, '', '', '', 'Brazil', '', '', '', '', '', '', '', '', '', '');

